sample,genotype
CD0001a,wild.type
CD0001c,wild.type
CD0002a,wild.type
CD0002c,wild.type
CD0002d,wild.type
CD0003a,wild.type
CD0003b,wild.type
CD0003c,wild.type
CD0003d,wild.type
CD0004a,wild.type
CD0004b,wild.type
CD0004c,wild.type
CD0004d,wild.type
CD0005a,wild.type
CD0005b,wild.type
CD0005c,wild.type
CD0005d,wild.type
CD0006a,wild.type
CD0006c,wild.type
CD0006d,wild.type
CD0007a,wild.type
CD0007c,wild.type
CD0007d,wild.type
CD0009c,wild.type
CD0009e,wild.type
CD0009f,wild.type
CD0009g,wild.type
CD0009h,wild.type
CD0011c,wild.type
CD0011d,wild.type
CD0013d,wild.type
CD0014c,wild.type
CD0014d,wild.type
CD0016a,wild.type
CD0016c,wild.type
CD0017a,wild.type
CD0017c,wild.type
CD0017d,wild.type
CD0018d,wild.type
CD0019c,wild.type
CD0019d,wild.type
CD0020a,wild.type
CD0020c,wild.type
CD0020d,wild.type
CD0021d,wild.type
CD0022a,wild.type
CD0023a,wild.type
CD0023c,wild.type
CD0023d,wild.type
CD0024a,wild.type
CD0024d,wild.type
CD0025a,wild.type
CD0025c,wild.type
CD0025d,wild.type
CD0026a,wild.type
CD0026d,wild.type
CD0027a,wild.type
CD0029c,wild.type
CD0030a,wild.type
CD0030c,wild.type
CD0031a,wild.type
CD0031c,wild.type
CD0031d,wild.type
CD0032a,wild.type
CD0032d,wild.type
CD0033c,wild.type
CD0034c,wild.type
CD0034d,wild.type
CD0035a,wild.type
CD0035c,wild.type
CD0035d,wild.type
CD0036a,wild.type
CD0036c,wild.type
CD0036d,wild.type
CD0037a,wild.type
CD0037c,wild.type
CD0037d,wild.type
CD0039c,wild.type
CD0040c,wild.type
CD0040d,wild.type
CD0042d,wild.type
CD0043c,wild.type
CD0043d,wild.type
CD0044c,wild.type
CD0046c,wild.type
CD0047c,wild.type
CD0047d,wild.type
CD0048a,wild.type
CD0048c,wild.type
CD0048d,wild.type
CD0049c,wild.type
CD0049d,wild.type
CD0051a,wild.type
CD0051d,wild.type
CD0052a,wild.type
CD0053a,wild.type
CD0053c,wild.type
CD0054c,wild.type
CD0055a,wild.type
CD0055c,wild.type
CD0055d,wild.type
CD0056a,wild.type
CD0056c,wild.type
CD0056d,wild.type
CD0057a,wild.type
CD0057c,wild.type
CD0057d,wild.type
CD0058a,wild.type
CD0058c,wild.type
CD0058d,wild.type
CD0060a,wild.type
CD0060c,wild.type
CD0060d,wild.type
CD0061c,wild.type
CD0062c,wild.type
CD0062d,wild.type
CD0063a,wild.type
CD0063c,wild.type
CD0063d,wild.type
CD0064a,wild.type
CD0064c,wild.type
CD0064d,wild.type
CD0091a,wild.type
CD0091b,wild.type
CD0091c,wild.type
CD0091d,wild.type
CD0091e,wild.type
CD0091f,wild.type
CD0091g,wild.type
CD0091h,wild.type
CD0091i,wild.type
CD0091j,wild.type
CD0091k,wild.type
CD0091l,wild.type
CD0091m,wild.type
CD0094a,wild.type
CD0094c,wild.type
CD0095a,wild.type
CD0096a,wild.type
CD0096c,wild.type
CD0096d,wild.type
CD0097a,wild.type
CD0097c,wild.type
CD0097d,wild.type
CD0099a,wild.type
CD0099b,wild.type
CD0099c,wild.type
CD0099d,wild.type
CD0100a,wild.type
CD0100c,wild.type
CD0100d,wild.type
CD0101a,wild.type
CD0101b,wild.type
CD0101c,wild.type
CD0101d,wild.type
CD0102a,wild.type
CD0102b,wild.type
CD0102c,wild.type
CD0102d,wild.type
CD0103a,wild.type
CD0103b,wild.type
CD0103c,wild.type
CD0103d,wild.type
CD0104a,wild.type
CD0104b,wild.type
CD0104c,wild.type
CD0104d,wild.type
CD0106a,wild.type
CD0106c,wild.type
CD0106d,wild.type
CD0107a,wild.type
CD0107c,wild.type
CD0107d,wild.type
CD0108a,wild.type
CD0108c,wild.type
CD0110a,wild.type
CD0110c,wild.type
CD0110d,wild.type
CD0111a,wild.type
CD0111c,wild.type
CD0111d,wild.type
CD0112c,wild.type
CD0112d,wild.type
CD0114a,wild.type
CD0114d,wild.type
CD0115a,wild.type
CD0115c,wild.type
CD0115d,wild.type
CD0117a,wild.type
CD0117c,wild.type
CD0117d,wild.type
CD0118a,wild.type
CD0118c,wild.type
CD0118d,wild.type
CD0119a,wild.type
CD0119c,wild.type
CD0119d,wild.type
CD0121a,wild.type
CD0121b,wild.type
CD0121c,wild.type
CD0121d,wild.type
CD0122a,wild.type
CD0122c,wild.type
CD0122d,wild.type
CD0123a,wild.type
CD0123c,wild.type
CD0123d,wild.type
CD0125a,wild.type
CD0125c,wild.type
CD0125d,wild.type
CD0125e,wild.type
CD0130a,wild.type
CD0130c,wild.type
CD0130d,wild.type
CD0131a,wild.type
CD0131c,wild.type
CD0132a,wild.type
CD0132c,wild.type
CD0132d,wild.type
CD0133a,wild.type
CD0133c,wild.type
CD0133d,wild.type
CD0134a,wild.type
CD0134c,wild.type
CD0134d,wild.type
CD0138c,wild.type
CD0138d,wild.type
CD0139a,wild.type
CD0139c,wild.type
CD0139d,wild.type
CD0140a,wild.type
CD0140b,wild.type
CD0140c,wild.type
CD0140d,wild.type
CD0141a,wild.type
CD0141b,wild.type
CD0141c,wild.type
CD0141d,wild.type
CD0142a,wild.type
CD0142b,wild.type
CD0142c,wild.type
CD0144a,wild.type
CD0144c,wild.type
CD0144d,wild.type
CD0145c,wild.type
CD0146a,wild.type
CD0146c,wild.type
CD0146d,wild.type
CD0147c,wild.type
CD0147d,wild.type
CD0148a,wild.type
CD0148c,wild.type
CD0148d,wild.type
CD0149d,wild.type
CD0150a,wild.type
CD0150c,wild.type
CD0150d,wild.type
CD0151a,wild.type
CD0151c,wild.type
CD0151d,wild.type
CD0152a,wild.type
CD0152c,wild.type
CD0152d,wild.type
CD0153d,wild.type
CD0154a,wild.type
CD0154c,wild.type
CD0154d,wild.type
CD0155a,wild.type
CD0155c,wild.type
CD0155d,wild.type
CD0156a,wild.type
CD0156c,wild.type
CD0156d,wild.type
CD0157a,wild.type
CD0157c,wild.type
CD0158a,wild.type
CD0158c,wild.type
CD0159a,wild.type
CD0159c,wild.type
CD0159d,wild.type
CD0160a,wild.type
CD0160c,wild.type
CD0161a,wild.type
CD0161c,wild.type
CD0161d,wild.type
CD0162a,wild.type
CD0162c,wild.type
CD0163a,wild.type
CD0163c,wild.type
CD0163d,wild.type
CD0164a,wild.type
CD0164c,wild.type
CD0164d,wild.type
CD0169a,wild.type
CD0169c,wild.type
CD0169d,wild.type
CD0170a,wild.type
CD0170c,wild.type
CD0170d,wild.type
CD0171a,wild.type
CD0171c,wild.type
CD0172a,wild.type
CD0172c,wild.type
CD0173a,wild.type
CD0173c,wild.type
CD0173d,wild.type
CD0174a,wild.type
CD0174c,wild.type
CD0174d,wild.type
CD0175a,wild.type
CD0175c,wild.type
CD0175d,wild.type
CD0176a,wild.type
CD0176d,wild.type
CD0177a,wild.type
CD0177c,wild.type
CD0178a,wild.type
CD0178c,wild.type
CD0178d,wild.type
CD0179a,wild.type
CD0179c,wild.type
CD0179d,wild.type
CD0184c,wild.type
CD0184d,wild.type
CD0185a,wild.type
CD0185d,wild.type
CD0186c,wild.type
CD0186d,wild.type
CD0187a,wild.type
CD0187c,wild.type
CD0188d,wild.type
CD0189c,wild.type
CD0189d,wild.type
CD0190a,wild.type
CD0191d,wild.type
CD0192c,wild.type
CD0192d,wild.type
CD0193c,wild.type
CD0194a,wild.type
CD0194c,wild.type
CD0194d,wild.type
CD0195a,wild.type
CD0195c,wild.type
CD0195d,wild.type
CD0196a,wild.type
CD0196c,wild.type
CD0196d,wild.type
CD0197a,wild.type
CD0197c,wild.type
CD0197d,wild.type
CD0198c,wild.type
CD0198d,wild.type
CD0199a,wild.type
CD0199c,wild.type
CD0199d,wild.type
CD0200a,wild.type
CD0200c,wild.type
CD0200d,wild.type
CD0201a,wild.type
CD0201c,wild.type
CD0201d,wild.type
CD0202a,wild.type
CD0202c,wild.type
CD0202d,wild.type
CD0203a,wild.type
CD0203c,wild.type
CD0203d,wild.type
CD0204a,wild.type
CD0204c,wild.type
CD0204d,wild.type
CD0205a,wild.type
CD0205c,wild.type
CD0205d,wild.type
CD0206a,wild.type
CD0206c,wild.type
CD0206d,wild.type
CD0207a,wild.type
CD0207c,wild.type
CD0207d,wild.type
CD0208a,wild.type
CD0208c,wild.type
CD0208d,wild.type
CD0209a,wild.type
CD0209d,wild.type
CD0210c,wild.type
CD0210d,wild.type
CD0211a,wild.type
CD0211c,wild.type
CD0211d,wild.type
CD0212a,wild.type
CD0212c,wild.type
CD0212d,wild.type
CD0213c,wild.type
CD0214a,wild.type
CD0214c,wild.type
CD0214d,wild.type
CD0215a,wild.type
CD0215c,wild.type
CD0215d,wild.type
CD0216a,wild.type
CD0216c,wild.type
CD0216d,wild.type
CD0217a,wild.type
CD0217c,wild.type
CD0217d,wild.type
CD0218a,wild.type
CD0218c,wild.type
CD0218d,wild.type
CD0219a,wild.type
CD0219c,wild.type
CD0219d,wild.type
CD0220a,wild.type
CD0220c,wild.type
CD0220d,wild.type
CD0221c,wild.type
CD0221d,wild.type
CD0222a,wild.type
CD0222c,wild.type
CD0222d,wild.type
CD0223a,wild.type
CD0223d,wild.type
CD0224a,wild.type
CD0224c,wild.type
CD0224d,wild.type
CD0229d,wild.type
CD0231a,wild.type
CD0231c,wild.type
CD0232c,wild.type
CD0233a,wild.type
CD0233c,wild.type
CD0233d,wild.type
CD0234a,wild.type
CD0234c,wild.type
CD0234d,wild.type
CD0238a,wild.type
CD0238c,wild.type
CD0238d,wild.type
CD0239a,wild.type
CD0239c,wild.type
CD0239d,wild.type
CD0243a,wild.type
CD0243c,wild.type
CD0243d,wild.type
CD0243e,wild.type
CD0245a,wild.type
CD0245c,wild.type
CD0245d,wild.type
CD0245e,wild.type
CD0247a,wild.type
CD0247c,wild.type
CD0247d,wild.type
CD0247e,wild.type
CD0247f,wild.type
CD0248a,wild.type
CD0248c,wild.type
CD0248d,wild.type
CD0248e,wild.type
CD0248f,wild.type
CD0250d,wild.type
CD0250e,wild.type
CD0251a,wild.type
CD0251c,wild.type
CD0251d,wild.type
CD0251e,wild.type
CD0253a,wild.type
CD0253c,wild.type
CD0253d,wild.type
CD0253e,wild.type
CD0254a,wild.type
CD0254c,wild.type
CD0254d,wild.type
CD0254e,wild.type
CD0255a,wild.type
CD0255c,wild.type
CD0255d,wild.type
CD0255e,wild.type
CD0255f,wild.type
CD0255g,wild.type
CD0255h,wild.type
CD0255i,wild.type
CD0255j,wild.type
CD0255k,wild.type
CD0256a,wild.type
CD0256c,wild.type
CD0256d,wild.type
CD0256e,wild.type
CD0256f,wild.type
CD0256g,wild.type
CD0256h,wild.type
CD0256i,wild.type
CD0256j,wild.type
CD0256k,wild.type
CD0257a,wild.type
CD0257c,wild.type
CD0257d,wild.type
CD0257e,wild.type
CD0257f,wild.type
CD0257h,wild.type
CD0257i,wild.type
CD0257j,wild.type
CD0258a,wild.type
CD0258c,wild.type
CD0258d,wild.type
CD0258e,wild.type
CD0258f,wild.type
CD0258g,wild.type
CD0258h,wild.type
CD0258i,wild.type
CD0258j,wild.type
CD0259a,wild.type
CD0259c,wild.type
CD0259d,wild.type
CD0259e,wild.type
CD0259f,wild.type
CD0260a,wild.type
CD0260c,wild.type
CD0260d,wild.type
CD0260e,wild.type
CD0260f,wild.type
CD0261a,wild.type
CD0261c,wild.type
CD0262c,wild.type
CD0263a,wild.type
CD0263c,wild.type
CD0263d,wild.type
CD0264a,wild.type
CD0264c,wild.type
CD0265a,wild.type
CD0265d,wild.type
CD0266a,wild.type
CD0266c,wild.type
CD0266d,wild.type
CD0267a,wild.type
CD0267c,wild.type
CD0268a,wild.type
CD0268c,wild.type
CD0268d,wild.type
CD0269a,wild.type
CD0269c,wild.type
CD0269d,wild.type
CD0270a,wild.type
CD0271a,wild.type
CD0271c,wild.type
CD0271d,wild.type
CD0272a,wild.type
CD0272c,wild.type
CD0272d,wild.type
CD0273a,wild.type
CD0273c,wild.type
CD0273d,wild.type
CD0274a,wild.type
CD0274c,wild.type
CD0274d,wild.type
CD0275a,wild.type
CD0275c,wild.type
CD0276a,wild.type
CD0276c,wild.type
CD0276d,wild.type
CD0277a,wild.type
CD0278a,wild.type
CD0278c,wild.type
CD0279a,wild.type
CD0279c,wild.type
CD0279d,wild.type
CD0280d,wild.type
CD0281a,wild.type
CD0282a,wild.type
CD0282c,wild.type
CD0283a,wild.type
CD0283d,wild.type
CD0284a,wild.type
CD0284c,wild.type
CD0285a,wild.type
CD0285c,wild.type
CD0285d,wild.type
CD0286a,wild.type
CD0286c,wild.type
CD0286d,wild.type
CD0287a,wild.type
CD0287c,wild.type
CD0287d,wild.type
CD0288a,wild.type
CD0288c,wild.type
CD0288d,wild.type
CD0289a,wild.type
CD0289d,wild.type
CD0290a,wild.type
CD0290c,wild.type
CD0291a,wild.type
CD0291c,wild.type
CD0292c,wild.type
CD0293a,wild.type
CD0293c,wild.type
CD0293d,wild.type
CD0294a,wild.type
CD0294c,wild.type
CD0296a,wild.type
CD0297a,wild.type
CD0297c,wild.type
CD0297d,wild.type
CD0307a,mlh.1
CD0308a,mlh.1
CD0308c,mlh.1
CD0308d,mlh.1
CD0309a,mlh.1
CD0309c,mlh.1
CD0309d,mlh.1
CD0310a,mlh.1
CD0311a,mlh.1
CD0311c,mlh.1
CD0311d,mlh.1
CD0312a,mlh.1
CD0312c,mlh.1
CD0312d,mlh.1
CD0313a,mlh.1
CD0313c,mlh.1
CD0313d,mlh.1
CD0314a,mlh.1
CD0314c,mlh.1
CD0315a,mlh.1
CD0315c,mlh.1
CD0316c,mlh.1
CD0316d,mlh.1
CD0317a,mlh.1
CD0317c,mlh.1
CD0317d,mlh.1
CD0318a,mlh.1
CD0318c,mlh.1
CD0318d,mlh.1
CD0319a,mlh.1
CD0320a,mlh.1
CD0320c,mlh.1
CD0320d,mlh.1
CD0321a,mlh.1
CD0321d,mlh.1
CD0322a,mlh.1
CD0323a,mlh.1
CD0323c,mlh.1
CD0324a,mlh.1
CD0324c,mlh.1
CD0325c,mlh.1
CD0326a,mlh.1
CD0326c,mlh.1
CD0326d,mlh.1
CD0327a,mlh.1
CD0327d,mlh.1
CD0328a,mlh.1
CD0328c,mlh.1
CD0328d,mlh.1
CD0329a,mlh.1
CD0329c,mlh.1
CD0329d,mlh.1
CD0332a,mlh.1
CD0332c,mlh.1
CD0332d,mlh.1
CD0333a,mlh.1
CD0333c,mlh.1
CD0334a,mlh.1
CD0334d,mlh.1
CD0337d,mlh.1
CD0338a,mlh.1
CD0338c,mlh.1
CD0338d,mlh.1
CD0339a,mlh.1
CD0339c,mlh.1
CD0339d,mlh.1
CD0340a,mlh.1
CD0340d,mlh.1
CD0341a,mlh.1
CD0341c,mlh.1
CD0341d,mlh.1
CD0342a,mlh.1
CD0342c,mlh.1
CD0342d,mlh.1
CD0343a,mlh.1
CD0343c,mlh.1
CD0343d,mlh.1
CD0344d,mlh.1
CD0345a,mlh.1
CD0345c,mlh.1
CD0345d,mlh.1
CD0349a,mlh.1
CD0350a,mlh.1
CD0350c,mlh.1
CD0351a,mlh.1
CD0351c,mlh.1
CD0352a,mlh.1
CD0353a,mlh.1
CD0353c,mlh.1
CD0353d,mlh.1
CD0354a,mlh.1
CD0354c,mlh.1
CD0355c,mlh.1
CD0355d,mlh.1
CD0356a,mlh.1
CD0357a,mlh.1
CD0357c,mlh.1
CD0357d,mlh.1
CD0358d,mlh.1
CD0359a,mlh.1
CD0359c,mlh.1
CD0360a,mlh.1
CD0360c,mlh.1
CD0360d,mlh.1
CD0361c,mlh.1
CD0362a,mlh.1
CD0362c,mlh.1
CD0362d,mlh.1
CD0363a,mlh.1
CD0363c,mlh.1
CD0364a,mlh.1
CD0364c,mlh.1
CD0364d,mlh.1
CD0365a,mlh.1
CD0367c,mlh.1
CD0367d,mlh.1
CD0369a,mlh.1
CD0369c,mlh.1
CD0369d,mlh.1
CD0369e,mlh.1
CD0369f,mlh.1
CD0370a,mlh.1
CD0370c,mlh.1
CD0370d,mlh.1
CD0370e,mlh.1
CD0370f,mlh.1
CD0373a,mlh.1
CD0373c,mlh.1
CD0373d,mlh.1
CD0373e,mlh.1
CD0373f,mlh.1
CD0373g,mlh.1
CD0373h,mlh.1
CD0373j,mlh.1
CD0373k,mlh.1
CD0374a,mlh.1
CD0374c,mlh.1
CD0374d,mlh.1
CD0374e,mlh.1
CD0374f,mlh.1
CD0374g,mlh.1
CD0374h,mlh.1
CD0374i,mlh.1
CD0375a,mlh.1
CD0375c,mlh.1
CD0375d,mlh.1
CD0375e,mlh.1
CD0376c,mlh.1
CD0378a,mlh.1
CD0378c,mlh.1
CD0378d,mlh.1
CD0378g,mlh.1
CD0378k,mlh.1
CD0379a,mlh.1
CD0379c,mlh.1
CD0379d,mlh.1
CD0379e,mlh.1
CD0379f,mlh.1
CD0379g,mlh.1
CD0379h,mlh.1
CD0379i,mlh.1
CD0379j,mlh.1
CD0379k,mlh.1
CD0381a,mlh.1
CD0381c,mlh.1
CD0381d,mlh.1
CD0382a,mlh.1
CD0382c,mlh.1
CD0383a,mlh.1
CD0383c,mlh.1
CD0383d,mlh.1
CD0383e,mlh.1
CD0383f,mlh.1
CD0384a,mlh.1
CD0384c,mlh.1
CD0384d,mlh.1
CD0384d2,mlh.1
CD0384e,mlh.1
CD0384f,mlh.1
CD0385a,mlh.1
CD0385c,mlh.1
CD0385d,mlh.1
CD0385e,mlh.1
CD0385f,mlh.1
CD0386a,mlh.1
CD0386c,mlh.1
CD0386d,mlh.1
CD0386e,mlh.1
CD0387a,mlh.1
CD0387c,mlh.1
CD0387d,mlh.1
CD0388a,mlh.1
CD0388c,mlh.1
CD0388d,mlh.1
CD0388f,mlh.1
CD0389a,mlh.1
CD0389c,mlh.1
CD0389d,mlh.1
CD0389e,mlh.1
CD0389f,mlh.1
CD0389g,mlh.1
CD0389h,mlh.1
CD0389i,mlh.1
CD0389j,mlh.1
CD0389k,mlh.1
CD0390a,mlh.1
CD0390c,mlh.1
CD0391a,mlh.1
CD0391e,mlh.1
CD0391f,mlh.1
CD0391g,mlh.1
CD0391h,mlh.1
CD0391i,mlh.1
CD0391j,mlh.1
CD0391k,mlh.1
CD0393c,mlh.1
CD0393d,mlh.1
CD0394a,mlh.1
CD0394c,mlh.1
CD0394d,mlh.1
CD0395a,mlh.1
CD0395c,mlh.1
CD0396a,mlh.1
CD0396c,mlh.1
CD0397a,mlh.1
CD0397c,mlh.1
CD0397d,mlh.1
CD0398a,mlh.1
CD0398c,mlh.1
CD0398d,mlh.1
CD0399c,mlh.1
CD0400a,mlh.1
CD0400c,mlh.1
CD0400d,mlh.1
CD0401a,mlh.1
CD0401d,mlh.1
CD0402a,mlh.1
CD0402c,mlh.1
CD0403a,mlh.1
CD0404a,mlh.1
CD0404d,mlh.1
CD0405a,mlh.1
CD0405c,mlh.1
CD0405d,mlh.1
CD0406a,mlh.1
CD0406c,mlh.1
CD0406d,mlh.1
CD0407c,mlh.1
CD0407d,mlh.1
CD0408a,mlh.1
CD0408c,mlh.1
CD0408d,mlh.1
CD0409a,mlh.1
CD0409c,mlh.1
CD0409d,mlh.1
CD0413a,mlh.1
CD0413c,mlh.1
CD0414a,mlh.1
CD0414c,mlh.1
CD0414d,mlh.1
CD0415a,mlh.1
CD0415c,mlh.1
CD0415d,mlh.1
CD0416a,mlh.1
CD0416c,mlh.1
CD0416d,mlh.1
CD0417a,mlh.1
CD0418a,mlh.1
CD0418c,mlh.1
CD0418d,mlh.1
CD0419a,mlh.1
CD0419c,mlh.1
CD0419d,mlh.1
CD0420a,mlh.1
CD0420c,mlh.1
CD0420d,mlh.1
CD0421a,mlh.1
CD0421c,mlh.1
CD0421d,mlh.1
CD0423a,mlh.1
CD0423c,mlh.1
CD0423d,mlh.1
CD0424a,mlh.1
CD0424c,mlh.1
CD0424d,mlh.1
CD0428c,mlh.1
CD0428d,mlh.1
CD0429c,mlh.1
CD0429d,mlh.1
CD0430a,mlh.1
CD0430d,mlh.1
CD0431c,mlh.1
CD0432a,mlh.1
CD0434c,mlh.1
CD0435a,mlh.1
CD0436a,mlh.1
CD0436c,mlh.1
CD0437c,mlh.1
CD0438a,mlh.1
CD0438c,mlh.1
CD0439a,mlh.1
CD0439c,mlh.1
CD0439d,mlh.1
CD0440a,mlh.1
CD0440c,mlh.1
CD0440d,mlh.1
CD0441a,mlh.1
CD0441d,mlh.1
CD0442a,mlh.1
CD0442d,mlh.1
CD0443a,mlh.1
CD0443c,mlh.1
CD0443d,mlh.1
CD0444a,mlh.1
CD0444d,mlh.1
CD0445a,mlh.1
CD0445c,mlh.1
CD0445d,mlh.1
CD0446a,mlh.1
CD0446c,mlh.1
CD0446d,mlh.1
CD0447c,mlh.1
CD0448a,mlh.1
CD0448c,mlh.1
CD0448d,mlh.1
CD0449a,mlh.1
CD0449c,mlh.1
CD0449d,mlh.1
CD0450d,mlh.1
CD0451a,mlh.1
CD0451c,mlh.1
CD0451d,mlh.1
CD0452a,mlh.1
CD0452c,mlh.1
CD0452d,mlh.1
CD0453a,mlh.1
CD0453c,mlh.1
CD0453d,mlh.1
CD0454a,mlh.1
CD0454c,mlh.1
CD0454d,mlh.1
CD0455a,mlh.1
CD0455c,mlh.1
CD0455d,mlh.1
CD0456a,mlh.1
CD0456d,mlh.1
CD0457c,mlh.1
CD0457d,mlh.1
CD0458a,mlh.1
CD0458c,mlh.1
CD0458d,mlh.1
CD0460c,mlh.1
CD0460d,mlh.1
CD0461a,mlh.1
CD0461c,mlh.1
CD0461d,mlh.1
CD0462d,mlh.1
CD0463c,mlh.1
CD0463d,mlh.1
CD0464a,mlh.1
CD0464c,mlh.1
CD0464d,mlh.1
CD0465c,mlh.1
CD0466a,mlh.1
CD0466c,mlh.1
CD0467a,mlh.1
CD0467c,mlh.1
CD0467d,mlh.1
CD0468d,mlh.1
CD0469a,mlh.1
CD0469c,mlh.1
CD0469d,mlh.1
CD0470a,mlh.1
CD0470c,mlh.1
CD0470d,mlh.1
CD0471a,mlh.1
CD0471c,mlh.1
CD0472a,mlh.1
CD0472d,mlh.1
CD0473a,mlh.1
CD0473c,mlh.1
CD0475a,mlh.1
CD0475c,mlh.1
CD0475d,mlh.1
CD0476a,mlh.1
CD0476c,mlh.1
CD0476d,mlh.1
CD0477a,mlh.1
CD0477c,mlh.1
CD0477d,mlh.1
CD0478c,mlh.1
CD0478d,mlh.1
CD0479a,mlh.1
CD0479c,mlh.1
CD0480d,mlh.1
CD0481a,mlh.1
CD0481c,mlh.1
CD0481d,mlh.1
CD0482a,mlh.1
CD0482c,mlh.1
CD0482d,mlh.1
CD0483d,mlh.1
CD0484a,mlh.1
CD0484c,mlh.1
CD0484d,mlh.1
CD0485a,mlh.1
CD0485c,mlh.1
CD0485d,mlh.1
CD0486c,mlh.1
CD0487a,mlh.1
CD0487c,mlh.1
CD0488a,mlh.1
CD0488c,mlh.1
CD0488d,mlh.1
CD0489a,mlh.1
CD0489c,mlh.1
CD0489d,mlh.1
CD0490a,mlh.1
CD0490c,mlh.1
CD0490d,mlh.1
CD0491a,mlh.1
CD0491c,mlh.1
CD0492a,mlh.1
CD0492c,mlh.1
CD0492d,mlh.1
CD0493a,mlh.1
CD0493c,mlh.1
CD0494a,mlh.1
CD0494c,mlh.1
CD0494d,mlh.1
CD0495a,mlh.1
CD0495c,mlh.1
CD0495d,mlh.1
CD0496a,mlh.1
CD0496c,mlh.1
CD0496d,mlh.1
CD0497a,mlh.1
CD0497d,mlh.1
CD0498a,mlh.1
CD0498c,mlh.1
CD0498d,mlh.1
CD0499a,mlh.1
CD0499c,mlh.1
CD0499d,mlh.1
CD0500a,msh.2
CD0500c,msh.2
CD0501a,msh.2
CD0502a,msh.2
CD0502c,msh.2
CD0502d,msh.2
CD0503c,msh.2
CD0504a,msh.2
CD0504c,msh.2
CD0504d,msh.2
CD0505a,msh.2
CD0505c,msh.2
CD0505d,msh.2
CD0506c,msh.2
CD0506d,msh.2
CD0507a,msh.2
CD0507d,msh.2
CD0508a,msh.2
CD0508c,msh.2
CD0508d,msh.2
CD0509c,msh.2
CD0510a,msh.2
CD0510c,msh.2
CD0510d,msh.2
CD0511a,msh.2
CD0511c,msh.2
CD0511d,msh.2
CD0512a,msh.2
CD0513a,msh.2
CD0513c,msh.2
CD0513d,msh.2
CD0514a,msh.2
CD0514c,msh.2
CD0514d,msh.2
CD0515c,msh.2
CD0516a,msh.2
CD0516d,msh.2
CD0517a,msh.2
CD0517c,msh.2
CD0517d,msh.2
CD0518a,msh.2
CD0518c,msh.2
CD0518d,msh.2
CD0519a,msh.2
CD0519c,msh.2
CD0519d,msh.2
CD0520a,msh.2
CD0520c,msh.2
CD0520d,msh.2
CD0521a,msh.2
CD0522a,msh.2
CD0522d,msh.2
CD0523a,msh.2
CD0523c,msh.2
CD0524a,msh.2
CD0525a,msh.2
CD0525c,msh.2
CD0525d,msh.2
CD0526a,msh.2
CD0526c,msh.2
CD0526d,msh.2
CD0527a,msh.2
CD0527d,msh.2
CD0528a,msh.2
CD0528c,msh.2
CD0528d,msh.2
CD0529a,msh.2
CD0529c,msh.2
CD0529d,msh.2
CD0530c,msh.2
CD0531a,msh.2
CD0531c,msh.2
CD0531d,msh.2
CD0532a,msh.2
CD0532c,msh.2
CD0534a,msh.2
CD0535a,msh.2
CD0536c,msh.2
CD0536d,msh.2
CD0537a,msh.2
CD0537c,msh.2
CD0538a,msh.2
CD0538c,msh.2
CD0539a,msh.2
CD0539d,msh.2
CD0540a,msh.2
CD0540c,msh.2
CD0540d,msh.2
CD0541a,msh.2
CD0541c,msh.2
CD0541d,msh.2
CD0542a,msh.2
CD0542c,msh.2
CD0542d,msh.2
CD0543a,msh.2
CD0543c,msh.2
CD0543d,msh.2
CD0547a,msh.2
CD0547c,msh.2
CD0548a,msh.2
CD0548c,msh.2
CD0548d,msh.2
CD0549a,msh.2
CD0549c,msh.2
CD0549d,msh.2
CD0550a,msh.2
CD0551a,msh.2
CD0551c,msh.2
CD0551d,msh.2
CD0552a,msh.2
CD0552c,msh.2
CD0552d,msh.2
CD0553a,msh.2
CD0553d,msh.2
CD0554c,msh.2
CD0554d,msh.2
CD0555c,msh.2
CD0555d,msh.2
CD0556a,msh.2
CD0557c,msh.2
CD0558d,msh.2
CD0559a,msh.2
CD0559c,msh.2
CD0560a,msh.2
CD0560c,msh.2
CD0561c,msh.2
CD0562a,msh.2
CD0562d,msh.2
CD0563a,msh.2
CD0563c,msh.2
CD0563d,msh.2
CD0564a,msh.2
CD0564c,msh.2
CD0564d,msh.2
CD0565d,msh.2
CD0566a,msh.2
CD0566c,msh.2
CD0566d,msh.2
CD0567c,msh.2
CD0567d,msh.2
CD0568a,msh.2
CD0569a,msh.2
CD0569d,msh.2
CD0570a,msh.2
CD0570c,msh.2
CD0570d,msh.2
CD0571a,msh.2
CD0571c,msh.2
CD0571d,msh.2
CD0572a,msh.2
CD0572c,msh.2
CD0572d,msh.2
CD0573a,msh.2
CD0573c,msh.2
CD0573d,msh.2
CD0574d,msh.2
CD0575a,msh.2
CD0575c,msh.2
CD0575d,msh.2
CD0576a,msh.2
CD0576c,msh.2
CD0576d,msh.2
CD0577a,msh.2
CD0577d,msh.2
CD0578c,msh.2
CD0578d,msh.2
CD0579a,msh.2
CD0579c,msh.2
CD0579d,msh.2
CD0580a,msh.2
CD0580c,msh.2
CD0580d,msh.2
CD0581a,msh.2
CD0581c,msh.2
CD0581d,msh.2
CD0582a,msh.2
CD0582c,msh.2
CD0582d,msh.2
CD0584a,msh.2
CD0585a,msh.2
CD0585c,msh.2
CD0585d,msh.2
CD0586c,msh.2
CD0586d,msh.2
CD0587a,msh.2
CD0587c,msh.2
CD0587d,msh.2
CD0588a,msh.2
CD0588c,msh.2
CD0588d,msh.2
CD0589a,msh.2
CD0590a,msh.2
CD0590c,msh.2
CD0590d,msh.2
CD0591a,msh.2
CD0591c,msh.2
CD0591d,msh.2
CD0593c,msh.2
CD0593d,msh.2
CD0594a,msh.2
CD0594c,msh.2
CD0594d,msh.2
CD0596a,msh.2
CD0596d,msh.2
CD0597a,msh.2
CD0597c,msh.2
CD0597d,msh.2
CD0598d,msh.2
CD0599a,msh.2
CD0599c,msh.2
CD0599d,msh.2
CD0600a,msh.2
CD0600c,msh.2
CD0600d,msh.2
CD0601a,msh.2
CD0601c,msh.2
CD0601d,msh.2
CD0602a,msh.2
CD0602c,msh.2
CD0602d,msh.2
CD0603a,msh.2
CD0603c,msh.2
CD0603d,msh.2
CD0604a,msh.2
CD0605a,msh.2
CD0605c,msh.2
CD0605d,msh.2
CD0606d,msh.2
CD0607c,msh.2
CD0607d,msh.2
CD0608a,msh.2
CD0608c,msh.2
CD0608d,msh.2
CD0610a,msh.2
CD0610c,msh.2
CD0610d,msh.2
CD0611a,msh.2
CD0611c,msh.2
CD0611d,msh.2
CD0612a,msh.2
CD0612c,msh.2
CD0612d,msh.2
CD0613a,msh.2
CD0613c,msh.2
CD0613d,msh.2
CD0614a,msh.2
CD0614c,msh.2
CD0614d,msh.2
CD0615a,msh.2
CD0616a,msh.2
CD0616c,msh.2
CD0616d,msh.2
CD0617a,msh.2
CD0617c,msh.2
CD0617d,msh.2
CD0618a,msh.2
CD0618c,msh.2
CD0618d,msh.2
CD0619a,msh.2
CD0619c,msh.2
CD0619d,msh.2
CD0620a,msh.2
CD0620c,msh.2
CD0621c,msh.2
CD0622a,msh.2
CD0623a,msh.2
CD0623c,msh.2
CD0624a,msh.2
CD0624c,msh.2
CD0624d,msh.2
CD0625a,msh.2
CD0625c,msh.2
CD0625d,msh.2
CD0626a,msh.2
CD0626c,msh.2
CD0626d,msh.2
CD0627a,msh.2
CD0627c,msh.2
CD0628c,msh.2
CD0628d,msh.2
CD0629a,msh.2
CD0629c,msh.2
CD0629d,msh.2
CD0630a,msh.2
CD0630c,msh.2
CD0630d,msh.2
CD0631a,msh.2
CD0631c,msh.2
CD0631d,msh.2
CD0632a,msh.2
CD0632c,msh.2
CD0633a,msh.2
CD0633d,msh.2
CD0634a,msh.2
CD0634c,msh.2
CD0634d,msh.2
CD0635a,msh.2
CD0635c,msh.2
CD0635d,msh.2
CD0636a,msh.2
CD0636d,msh.2
CD0637a,msh.2
CD0637c,msh.2
CD0638a,msh.2
CD0638c,msh.2
CD0638d,msh.2
CD0639d,msh.2
CD0640c,msh.2
CD0641a,msh.2
CD0641d,msh.2
CD0642a,msh.2
CD0642c,msh.2
CD0642d,msh.2
CD0643a,msh.2
CD0643c,msh.2
CD0644c,msh.2
CD0644d,msh.2
CD0645a,msh.2
CD0646a,msh.2
CD0646c,msh.2
CD0646d,msh.2
CD0647a,msh.2
CD0647c,msh.2
CD0648c,msh.2
CD0649c,msh.2
CD0652a,msh.2
CD0652d,msh.2
CD0653a,msh.2
CD0653c,msh.2
CD0654a,msh.2
CD0654d,msh.2
CD0655a,msh.2
CD0655c,msh.2
CD0655d,msh.2
CD0656a,msh.2
CD0656c,msh.2
CD0657a,msh.2
CD0657d,msh.2
CD0658c,msh.2
CD0658d,msh.2
CD0660a,msh.2
CD0660c,msh.2
CD0660d,msh.2
CD0661a,msh.2
CD0661c,msh.2
CD0661d,msh.2
CD0662a,msh.2
CD0662c,msh.2
CD0662d,msh.2
CD0663a,msh.2
CD0663c,msh.2
CD0663d,msh.2
CD0664a,msh.2
CD0664c,msh.2
CD0664d,msh.2
CD0665a,msh.2
CD0665c,msh.2
CD0665d,msh.2
CD0666a,msh.2
CD0666d,msh.2
CD0667a,msh.2
CD0668b,msh.2
CD0668c,msh.2
CD0668d,msh.2
CD0668e,msh.2
CD0668f,msh.2
CD0668g,msh.2
CD0668h,msh.2
CD0668i,msh.2
CD0668j,msh.2
CD0669b,msh.2
CD0669c,msh.2
CD0669d,msh.2
CD0669e,msh.2
CD0669f,msh.2
CD0669g,msh.2
CD0669h,msh.2
CD0669i,msh.2
CD0669j,msh.2
CD0670b,msh.2
CD0670d,msh.2
CD0670e,msh.2
CD0670f,msh.2
CD0670h,msh.2
CD0670i,msh.2
CD0670j,msh.2
CD0671c,msh.2
CD0671f,msh.2
CD0671g,msh.2
CD0671h,msh.2
CD0671i,msh.2
CD0671j,msh.2
CD0673b,msh.2
CD0673c,msh.2
CD0673d,msh.2
CD0673e,msh.2
CD0674b,msh.2
CD0674c,msh.2
CD0674f,msh.2
CD0674g,msh.2
CD0674h,msh.2
CD0675b,msh.2
CD0675d,msh.2
CD0675e,msh.2
CD0675f,msh.2
CD0675g,msh.2
CD0675h,msh.2
CD0675j,msh.2
CD0675k,msh.2
CD0675l,msh.2
CD0675n,msh.2
CD0675o,msh.2
CD0675p,msh.2
CD0675r,msh.2
CD0677e,msh.2
CD0677f,msh.2
CD0677g,msh.2
CD0677h,msh.2
CD0677j,msh.2
CD0677m,msh.2
CD0678b,msh.2
CD0678c,msh.2
CD0678d,msh.2
CD0678e,msh.2
CD0678f,msh.2
CD0678g,msh.2
CD0678i,msh.2
CD0678k,msh.2
CD0678m,msh.2
CD0678n,msh.2
CD0678p,msh.2
CD0678q,msh.2
CD0678r,msh.2
CD0679b,msh.2
CD0679c,msh.2
CD0679d,msh.2
CD0679e,msh.2
CD0679f,msh.2
CD0679g,msh.2
CD0679h,msh.2
CD0679i,msh.2
CD0679j,msh.2
CD0679k,msh.2
CD0679l,msh.2
CD0679m,msh.2
CD0680b,msh.2
CD0680c,msh.2
CD0680e,msh.2
CD0680f,msh.2
CD0680g,msh.2
CD0680h,msh.2
CD0680i,msh.2
CD0680k,msh.2
CD0680l,msh.2
CD0681b,msh.2
CD0681c,msh.2
CD0681d,msh.2
CD0681f,msh.2
CD0681g,msh.2
CD0681i,msh.2
CD0681j,msh.2
CD0681k,msh.2
CD0681l,msh.2
CD0681m,msh.2
CD0682b,msh.2
CD0682d,msh.2
CD0682e,msh.2
CD0682g,msh.2
CD0682h,msh.2
CD0682i,msh.2
CD0682j,msh.2
CD0682k,msh.2
CD0682m,msh.2
CD0682n,msh.2
CD0683b,msh.2
CD0683c,msh.2
CD0683d,msh.2
CD0684b,msh.2
CD0684c,msh.2
CD0685b,msh.2
CD0685c,msh.2
CD0685d,msh.2
CD0686b,msh.2
CD0686c,msh.2
CD0686d,msh.2
CD0687b,msh.2
CD0688b,msh.2
CD0688c,msh.2
CD0688d,msh.2
CD0688e,msh.2
CD0688f,msh.2
CD0695b,msh.2
CD0695c,msh.2
CD0696b,msh.2
CD0696c,msh.2
CD0696d,msh.2
CD0696e,msh.2
CD0697b,msh.2
CD0697c,msh.2
CD0698b,msh.2
CD0698c,msh.2
CD0698e,msh.2
CD0698f,msh.2
CD0699b,msh.2
CD0700c,msh.6
CD0701b,msh.6
CD0701c,msh.6
CD0702b,msh.6
CD0702c,msh.6
CD0702d,msh.6
CD0703b,msh.6
CD0703c,msh.6
CD0703d,msh.6
CD0704b,msh.6
CD0704c,msh.6
CD0704d,msh.6
CD0705b,msh.6
CD0705c,msh.6
CD0705d,msh.6
CD0709b,msh.6
CD0709c,msh.6
CD0710b,msh.6
CD0710c,msh.6
CD0710d,msh.6
CD0710e,msh.6
CD0711b,msh.6
CD0711c,msh.6
CD0712b,msh.6
CD0712d,msh.6
CD0712e,msh.6
CD0713b,msh.6
CD0713c,msh.6
CD0713d,msh.6
CD0714b,msh.6
CD0714c,msh.6
CD0714d,msh.6
CD0717c,msh.6
CD0718b,msh.6
CD0718c,msh.6
CD0719b,msh.6
CD0720b,msh.6
CD0720c,msh.6
CD0720d,msh.6
CD0721b,msh.6
CD0721d,msh.6
CD0722b,msh.6
CD0722c,msh.6
CD0722d,msh.6
CD0724b,msh.6
CD0724c,msh.6
CD0724e,msh.6
CD0724f,msh.6
CD0725c,msh.6
CD0727b,msh.6
CD0727c,msh.6
CD0728c,msh.6
CD0728d,msh.6
CD0729b,msh.6
CD0729d,msh.6
CD0730b,msh.6
CD0730c,msh.6
CD0730d,msh.6
CD0732b,msh.6
CD0732c,msh.6
CD0732d,msh.6
CD0733b,msh.6
CD0733c,msh.6
CD0733d,msh.6
CD0734b,msh.6
CD0735b,msh.6
CD0735c,msh.6
CD0736b,msh.6
CD0736c,msh.6
CD0736d,msh.6
CD0737b,msh.6
CD0738c,msh.6
CD0739c,msh.6
CD0739d,msh.6
CD0740b,msh.6
CD0740d,msh.6
CD0741d,msh.6
CD0742b,msh.6
CD0743b,msh.6
CD0743c,msh.6
CD0743d,msh.6
CD0743e,msh.6
CD0744c,msh.6
CD0745b,msh.6
CD0745c,msh.6
CD0745d,msh.6
CD0746b,msh.6
CD0746c,msh.6
CD0746d,msh.6
CD0747b,msh.6
CD0747c,msh.6
CD0747d,msh.6
CD0748b,msh.6
CD0748c,msh.6
CD0748f,msh.6
CD0748h,msh.6
CD0748i,msh.6
CD0748j,msh.6
CD0749b,msh.6
CD0752b,msh.6
CD0752c,msh.6
CD0753b,msh.6
CD0753c,msh.6
CD0753d,msh.6
CD0754b,msh.6
CD0754c,msh.6
CD0754d,msh.6
CD0756b,msh.6
CD0756c,msh.6
CD0756d,msh.6
CD0756e,msh.6
CD0756f,msh.6
CD0756g,msh.6
CD0757d,msh.6
CD0758b,msh.6
CD0758c,msh.6
CD0759b,msh.6
CD0759c,msh.6
CD0759d,msh.6
CD0760b,msh.6
CD0761b,msh.6
CD0761c,msh.6
CD0761d,msh.6
CD0761f,msh.6
CD0761g,msh.6
CD0762b,msh.6
CD0762d,msh.6
CD0763b,msh.6
CD0763c,msh.6
CD0763d,msh.6
CD0764b,msh.6
CD0764c,msh.6
CD0764d,msh.6
CD0766b,msh.6
CD0766c,msh.6
CD0766d,msh.6
CD0766e,msh.6
CD0766f,msh.6
CD0766g,msh.6
CD0767c,msh.6
CD0767d,msh.6
CD0768b,msh.6
CD0768c,msh.6
CD0768d,msh.6
CD0769b,msh.6
CD0769c,msh.6
CD0771b,msh.6
CD0771d,msh.6
CD0771e,msh.6
CD0771f,msh.6
CD0774b,msh.6
CD0775b,msh.6
CD0775c,msh.6
CD0775d,msh.6
CD0777b,msh.6
CD0777c,msh.6
CD0777d,msh.6
CD0781b,msh.6
CD0781c,msh.6
CD0781d,msh.6
CD0787d,msh.6
CD0790b,msh.6
CD0791c,msh.6
CD0792b,msh.6
CD0792c,msh.6
CD0792d,msh.6
CD0793b,msh.6
CD0793c,msh.6
CD0793d,msh.6
CD0794b,msh.6
CD0794c,msh.6
CD0794d,msh.6
CD0795c,msh.6
CD0795d,msh.6
CD0796b,msh.6
CD0796c,msh.6
CD0797b,msh.6
CD0797c,msh.6
CD0798b,msh.6
CD0798d,msh.6
CD0799b,msh.6
CD0799c,msh.6
CD0800b,msh.6
CD0800c,msh.6
CD0800d,msh.6
CD0801b,msh.6
CD0801c,msh.6
CD0801d,msh.6
CD0802c,msh.6
CD0802d,msh.6
CD0803b,msh.6
CD0803c,msh.6
CD0803d,msh.6
CD0804c,msh.6
CD0804d,msh.6
CD0804e,msh.6
CD0805b,msh.6
CD0805c,msh.6
CD0806b,msh.6
CD0806c,msh.6
CD0806d,msh.6
CD0809d,msh.6
CD0810b,msh.6
CD0810c,msh.6
CD0810d,msh.6
CD0811b,msh.6
CD0811c,msh.6
CD0812b,msh.6
CD0812c,msh.6
CD0812d,msh.6
CD0813b,msh.6
CD0813c,msh.6
CD0813d,msh.6
CD0814b,msh.6
CD0814c,msh.6
CD0815b,msh.6
CD0815c,msh.6
CD0815d,msh.6
CD0815e,msh.6
CD0816b,msh.6
CD0816d,msh.6
CD0817b,msh.6
CD0817c,msh.6
CD0817d,msh.6
CD0818b,msh.6
CD0818c,msh.6
CD0818d,msh.6
CD0819c,msh.6
CD0819d,msh.6
CD0820c,msh.6
CD0820d,msh.6
CD0821b,msh.6
CD0821c,msh.6
CD0822b,msh.6
CD0822c,msh.6
CD0822d,msh.6
CD0823b,msh.6
CD0823c,msh.6
CD0823d,msh.6
CD0824b,msh.6
CD0824c,msh.6
CD0824d,msh.6
CD0825b,msh.6
CD0825c,msh.6
CD0825d,msh.6
CD0826b,msh.6
CD0826c,msh.6
CD0826d,msh.6
CD0827b,msh.6
CD0827c,msh.6
CD0827d,msh.6
CD0828b,msh.6
CD0828c,msh.6
CD0828d,msh.6
CD0829b,msh.6
CD0829c,msh.6
CD0830b,msh.6
CD0830c,msh.6
CD0830d,msh.6
CD0831b,msh.6
CD0831c,msh.6
CD0831d,msh.6
CD0832d,msh.6
CD0834b,msh.6
CD0834c,msh.6
CD0834d,msh.6
CD0837b,msh.6
CD0837c,msh.6
CD0841b,msh.6
CD0842b,msh.6
CD0842c,msh.6
CD0842d,msh.6
CD0844b,msh.6
CD0845b,msh.6
CD0846b,msh.6
CD0846d,msh.6
CD0847b,msh.6
CD0847c,msh.6
CD0847d,msh.6
CD0848b,msh.6
CD0848c,msh.6
CD0848d,msh.6
CD0850d,msh.6
CD0850e,msh.6
CD0850f,msh.6
CD0850g,msh.6
CD0850h,msh.6
CD0850i,msh.6
CD0850j,msh.6
CD0851c,msh.6
CD0851d,msh.6
CD0851e,msh.6
CD0851f,msh.6
CD0851g,msh.6
CD0851h,msh.6
CD0851i,msh.6
CD0852b,msh.6
CD0852c,msh.6
CD0852d,msh.6
CD0852e,msh.6
CD0852f,msh.6
CD0852g,msh.6
CD0852h,msh.6
CD0852i,msh.6
CD0853b,msh.6
CD0853c,msh.6
CD0853d,msh.6
CD0853e,msh.6
CD0853f,msh.6
CD0853g,msh.6
CD0853h,msh.6
CD0853i,msh.6
CD0853j,msh.6
CD0854b,msh.6
CD0854c,msh.6
CD0854e,msh.6
CD0854f,msh.6
CD0854g,msh.6
CD0854h,msh.6
CD0854i,msh.6
CD0854j,msh.6
CD0855b,msh.6
CD0855c,msh.6
CD0855d,msh.6
CD0855e,msh.6
CD0855f,msh.6
CD0855g,msh.6
CD0855h,msh.6
CD0855i,msh.6
CD0855j,msh.6
CD0856b,msh.6
CD0856c,msh.6
CD0856d,msh.6
CD0856e,msh.6
CD0856f,msh.6
CD0856g,msh.6
CD0856h,msh.6
CD0856i,msh.6
CD0856j,msh.6
CD0857b,msh.6
CD0857d,msh.6
CD0857e,msh.6
CD0857f,msh.6
CD0857g,msh.6
CD0857h,msh.6
CD0857i,msh.6
CD0857j,msh.6
CD0858c,msh.6
CD0858e,msh.6
CD0858f,msh.6
CD0858g,msh.6
CD0858h,msh.6
CD0858i,msh.6
CD0858j,msh.6
CD0859b,msh.6
CD0859c,msh.6
CD0859d,msh.6
CD0860b,msh.6
CD0860c,msh.6
CD0860d,msh.6
CD0861b,msh.6
CD0861c,msh.6
CD0861d,msh.6
CD0862b,msh.6
CD0862c,msh.6
CD0862d,msh.6
CD0863c,msh.6
CD0864b,msh.6
CD0864d,msh.6
CD0865b,msh.6
CD0866b,msh.6
CD0866c,msh.6
CD0866d,msh.6
CD0867c,msh.6
CD0868b,msh.6
CD0868c,msh.6
CD0868d,msh.6
CD0869c,msh.6
CD0869d,msh.6
CD0870b,msh.6
CD0871c,msh.6
CD0871d,msh.6
CD0872b,msh.6
CD0872d,msh.6
CD0873b,msh.6
CD0873c,msh.6
CD0873d,msh.6
CD0874b,msh.6
CD0874c,msh.6
CD0874d,msh.6
CD0875b,msh.6
CD0882b,msh.6
CD0883b,msh.6
CD0883c,msh.6
CD0884c,msh.6
CD0884d,msh.6
CD0885b,msh.6
CD0885c,msh.6
CD0885d,msh.6
CD0886b,msh.6
CD0886c,msh.6
CD0886d,msh.6
CD0887b,msh.6
CD0887c,msh.6
CD0887d,msh.6
CD0888b,msh.6
CD0888c,msh.6
CD0888d,msh.6
CD0889b,msh.6
CD0889c,msh.6
CD0889d,msh.6
CD0890c,msh.6
CD0891b,msh.6
CD0891c,msh.6
CD0891d,msh.6
CD0892b,msh.6
CD0893b,msh.6
CD0893c,msh.6
CD0893d,msh.6
CD0894b,msh.6
CD0894c,msh.6
CD0898d,msh.6
CD0899b,msh.6
CD0900b,pms.2
CD0900d,pms.2
CD0902b,pms.2
CD0902d,pms.2
CD0905b,pms.2
CD0905c,pms.2
CD0905d,pms.2
CD0906b,pms.2
CD0906c,pms.2
CD0906d,pms.2
CD0907b,pms.2
CD0907c,pms.2
CD0907d,pms.2
CD0908b,pms.2
CD0908c,pms.2
CD0908d,pms.2
CD0909c,pms.2
CD0909d,pms.2
CD0910b,pms.2
CD0910c,pms.2
CD0910d,pms.2
CD0911b,pms.2
CD0911c,pms.2
CD0911d,pms.2
CD0918b,pms.2
CD0918c,pms.2
CD0919b,pms.2
CD0919c,pms.2
CD0919d,pms.2
CD0920b,pms.2
CD0920c,pms.2
CD0920d,pms.2
CD0924b,pms.2
CD0925b,pms.2
CD0925c,pms.2
CD0925d,pms.2
CD0926b,pms.2
CD0926c,pms.2
CD0926d,pms.2
CD0935b,pms.2
CD0935c,pms.2
CD0935d,pms.2
CD0939b,pms.2
CD0939c,pms.2
CD0939d,pms.2
CD0940b,pms.2
CD0940c,pms.2
CD0940d,pms.2
CD0941c,pms.2
CD0941d,pms.2
CD0942c,pms.2
CD0943b,pms.2
CD0943c,pms.2
CD0943d,pms.2
CD0944b,pms.2
CD0944c,pms.2
CD0944d,pms.2
CD0945b,pms.2
CD0945d,pms.2
CD0946c,pms.2
CD0946d,pms.2
CD0947b,pms.2
CD0948b,pms.2
CD0948c,pms.2
CD0948d,pms.2
CD0949b,pms.2
CD0949c,pms.2
CD0949d,pms.2
CD0950b,pms.2
CD0950c,pms.2
CD0950d,pms.2
CD0951b,pms.2
CD0951c,pms.2
CD0951d,pms.2
CD0952b,pms.2
CD0952c,pms.2
CD0953b,pms.2
CD0953c,pms.2
CD0953d,pms.2
CD0954b,pms.2
CD0954c,pms.2
CD0954d,pms.2
CD0955b,pms.2
CD0955c,pms.2
CD0955d,pms.2
CD0956b,pms.2
CD0956c,pms.2
CD0956d,pms.2
CD0957b,pms.2
CD0957c,pms.2
CD0957d,pms.2
CD0958b,pms.2
CD0958c,pms.2
CD0958d,pms.2
CD0959c,pms.2
CD0959d,pms.2
CD0960b,pms.2
CD0960c,pms.2
CD0960d,pms.2
CD0961c,pms.2
CD0961d,pms.2
CD0962b,pms.2
CD0962c,pms.2
CD0962d,pms.2
CD0963b,pms.2
CD0963c,pms.2
CD0964b,pms.2
CD0964c,pms.2
CD0965b,pms.2
CD0965c,pms.2
CD0967b,pms.2
CD0967c,pms.2
CD0967d,pms.2
CD0968b,pms.2
CD0968c,pms.2
CD0968d,pms.2
CD0969c,pms.2
CD0969d,pms.2
CD0970b,pms.2
CD0970c,pms.2
CD0970d,pms.2
CD0971b,pms.2
CD0971c,pms.2
CD0971d,pms.2
CD0972b,pms.2
CD0972c,pms.2
CD0973b,pms.2
CD0973c,pms.2
CD0973d,pms.2
CD0974b,pms.2
CD0974c,pms.2
CD0974d,pms.2
CD0975b,pms.2
CD0975c,pms.2
CD0975d,pms.2
CD0976b,pms.2
CD0976c,pms.2
CD0976d,pms.2
CD0977b,pms.2
CD0977c,pms.2
CD0977d,pms.2
CD0978b,pms.2
CD0978c,pms.2
CD0978d,pms.2
CD0979b,pms.2
CD0979c,pms.2
CD0979d,pms.2
CD0980b,pms.2
CD0981b,pms.2
CD0981c,pms.2
CD0981d,pms.2
CD0982b,pms.2
CD0982c,pms.2
CD0982d,pms.2
CD0983b,pms.2
CD0983c,pms.2
CD0983d,pms.2
CD0984b,pms.2
CD0984c,pms.2
CD0984d,pms.2
CD0985b,pms.2
CD0985c,pms.2
CD0985d,pms.2
CD0986b,pms.2
CD0986c,pms.2
CD0986d,pms.2
CD0987c,pms.2
CD0987d,pms.2
CD0988b,pms.2
CD0988c,pms.2
CD0988d,pms.2
CD0989b,pms.2
CD0989c,pms.2
CD0989d,pms.2
CD0990b,pms.2
CD0990c,pms.2
CD0990d,pms.2
CD0991b,pms.2
CD0991c,pms.2
CD0991d,pms.2
CD0992b,pms.2
CD0992c,pms.2
CD0992d,pms.2
CD0993c,pms.2
CD0994b,pms.2
CD0994c,pms.2
CD0995b,pms.2
CD0996b,pms.2
CD0996c,pms.2
CD0996d,pms.2
CD0997b,pms.2
CD0997c,pms.2
CD0997d,pms.2
CD0998b,pms.2
CD0998c,pms.2
CD0998d,pms.2
CD1000c,other.genotype
CD1000d,other.genotype
CD1001c,other.genotype
CD1001d,other.genotype
CD1002b,other.genotype
CD1002c,other.genotype
CD1002d,other.genotype
CD1021b,other.genotype
CD1021c,other.genotype
CD1021d,other.genotype
CD1022c,other.genotype
CD1022d,other.genotype
CD1023b,other.genotype
CD1023c,other.genotype
CD1023d,other.genotype
CD1027b,other.genotype
CD1027d,other.genotype
CD1028b,other.genotype
CD1029b,other.genotype
CD1031b,other.genotype
CD1031d,other.genotype
CD1032b,other.genotype
CD1032c,other.genotype
CD1033b,other.genotype
CD1033c,other.genotype
CD1033d,other.genotype
CD1034b,other.genotype
CD1034c,other.genotype
CD1034d,other.genotype
CD1035b,other.genotype
CD1035c,other.genotype
CD1035d,other.genotype
CD1036b,other.genotype
CD1036c,other.genotype
CD1036d,other.genotype
CD1037b,other.genotype
CD1037c,other.genotype
CD1037d,other.genotype
CD1038b,other.genotype
CD1038c,other.genotype
CD1038d,other.genotype
CD1039b,other.genotype
CD1039c,other.genotype
CD1039d,other.genotype
CD1060b,other.genotype
CD1060c,other.genotype
CD1061b,other.genotype
CD1061c,other.genotype
CD1061d,other.genotype
CD1062b,other.genotype
CD1062c,other.genotype
CD1062d,other.genotype
CD1076c,other.genotype
CD1076d,other.genotype
CD1077b,other.genotype
CD1077c,other.genotype
CD1077d,other.genotype
CD1078b,other.genotype
CD1078c,other.genotype
CD1078d,other.genotype
CD1079b,other.genotype
CD1080b,other.genotype
CD1081b,other.genotype
CD1082b,other.genotype
CD1083b,other.genotype
CD1084b,other.genotype
